{
    "0": {
        "Train_Errors": [
            [
                2.497398853302002,
                0.617176353931427,
                0.6163308024406433
            ],
            [
                1.3056824207305908,
                0.6238499879837036,
                0.6234761476516724
            ],
            [
                1.4867432117462158,
                0.6237136721611023,
                0.6234376430511475
            ],
            [
                1.500407099723816,
                0.6233840584754944,
                0.6234009861946106
            ]
        ],
        "Test_Errors": [
            [
                0.6169463992118835,
                0.6124086380004883,
                0.61235111951828
            ],
            [
                0.6204368472099304,
                0.6206406354904175,
                0.6208229660987854
            ],
            [
                0.6224108934402466,
                0.6223903894424438,
                0.6181772947311401
            ],
            [
                0.6234170198440552,
                0.6190441846847534,
                0.6217575669288635
            ]
        ],
        "Test_kernel_Errors": [
            1.0,
            1.0,
            1.0,
            1.0
        ],
        "Train_kernel_Errors": [
            1.0,
            1.0,
            1.0,
            1.0
        ]
    }
}